Tgl ;Max;Min;Rata2;Penguapan ( mm );Anemometer;Penyinaran ;Radiasi;Curah;Muka Air
01/01/2013;35;24;29,5;1,2;12,6;39,07;245,68;0,2;1
02/01/2013;36;24;30;120,5;9,9;24,5;163,78;62,5;4
03/01/2013;33;24;28,5;3,6;5,5;23,84;204,73;1,6;0,8
04/01/2013;36;25;30,5;37;5,8;0;81,89;17;2
05/01/2013;37;24;30,5;5,5;19,8;25,83;333,42;0,5;3
06/01/2013;37;24;30,5;119,5;11,9;15,89;175,48;58,5;18,4
07/01/2013;35;24;29,5;8,8;15,2;5,3;46,8;4,8;5,2
08/01/2013;32;24;28;21,5;32,3;0;0;3,5;0,6
09/01/2013;31;23;27;13,9;44,2;9,93;187,18;11,9;3
10/01/2013;32;23;27,5;5;60,8;50,33;210,58;0;0,4
11/01/2013;32;23;27,5;5;21;39,07;263,22;0;
12/01/2013;37;24;30,5;5,8;9,5;31,13;350,96;0,8;
13/01/2013;39;25;32;15,5;8;47,68;216,43;9,5;2,4
14/01/2013;35;27;31;8;7;0;210,58;0;0,2
15/01/2013;31;25;28;15,5;3,8;3,97;140,39;8,5;0,8
16/01/2013;31;25;28;4,7;8,9;38,51;257,37;2,7;0,2
17/01/2013;38;25;31,5;44,1;4,9;30,3;216,43;9,1;1,8
18/01/2013;35;25;30;7,7;7,3;5,68;187,18;0,7;0,8
19/01/2013;35;25;30;23,2;19,6;37,88;274,92;11,2;3,8
20/01/2013;37;23;30;1,5;25,1;37,88;327,57;0,5;1
21/01/2013;38;25;31,5;21,8;10,2;30,93;210,58;10,8;2,4
22/01/2013;39;25;32;3,1;12,3;42,93;327,57;0,1;0,6
23/01/2013;37;25;31;20,4;8,6;44,82;286,62;1,4;2,8
24/01/2013;38;23;30,5;3,3;15,4;27,15;251,52;2,3;0,6
25/01/2013;34;24;29;68,3;13,4;22,47;239,83;33,3;9,6
26/01/2013;36;24;30;2,1;18,1;13,26;263,22;0,1;1,2
27/01/2013;34;24;29;65,2;14,4;14,52;333,42;33,2;8,2
28/01/2013;35;25;30;13;9,2;37,25;403,61;3;0,3
29/01/2013;39;25;32;2;14,9;64,39;356,81;0;0,4
30/01/2013;37;25;31;10,9;23,7;37,88;368,51;4,9;0,4
31/01/2013;37;25;31;9,4;15,7;37,88;339,27;3,4;2,2
01/02/2013;36;23;29,5;3,8;9,7;37,88;374,36;0,8;0,2
02/02/2013;37;24;30,5;6;5,4;49,56;210,58;1;0,1
03/02/2013;37;24;30,5;20,3;5,5;40,66;134,54;11,3;2
04/02/2013;37;25;31;3,5;4,8;31,13;286,62;1,5;0,4
05/02/2013;37;25;31;77,8;6,4;45,11;286,62;29,8;11
06/02/2013;39;25;32;2,9;9,3;53,37;310,02;1,9;0,6
07/02/2013;37;23;30;2;4,8;52,1;280,77;0;0,4
08/02/2013;38;24;31;5,3;7,9;57,18;233,98;0,3;0,8
09/02/2013;39;24;31,5;5,4;8,9;53,37;251,52;1,4;0,4
10/02/2013;40;25;32,5;1;5,8;27,95;187,18;0;0,1
11/02/2013;38;24;31;5,3;6,6;44,47;239,83;0,3;2
12/02/2013;39;23;31;187,5;6,8;52,1;157,93;97,5;17
13/02/2013;39;22;30,5;4,3;5,6;36,85;134,54;2,3;2,6
14/02/2013;38;23;30,5;7,2;6,2;30,5;181,33;1,2;1,6
15/02/2013;36;24;30;5;6,5;29,22;245,68;0;1
16/02/2013;37;25;31;8;10,8;26,05;116,99;2;1
17/02/2013;38;24;31;36;6,7;13,46;298,32;13;6,4
18/02/2013;38;24;31;4,8;5,4;42,95;187,18;0,8;1,4
19/02/2013;38;24;31;6,3;6;37,18;81,89;3,3;1,1
20/02/2013;38;24;31;6,4;3,3;0,64;81,89;1,4;1
21/02/2013;39;24;31,5;4;4,6;1,92;210,58;3;0,8
22/02/2013;39;22;30,5;34,5;14,8;15,77;327,57;21,5;4
23/02/2013;38;25;31,5;2,3;6,9;55,77;274,92;0,3;1,8
24/02/2013;38;24;31;10,9;9;42,31;321,72;4,9;4,2
25/02/2013;38;24;31;2,3;7,9;48,08;274,92;0,3;0,8
26/02/2013;38;24;31;7;17,1;18,59;169,63;0;0,4
27/02/2013;35;24;29,5;5;19,4;15,38;210,58;0;0,4
28/02/2013;38;25;31,5;5;14,7;26,92;251,52;0;0,2
01/03/2013;38;25;31,5;7;7,5;44,9;257,37;0;0,2
02/03/2013;39;26;32,5;4;5;41,5;239,83;0;
03/03/2013;39;24;31,5;23;5;40,82;187,18;14;
04/03/2013;40;25;32,5;62,1;5,5;52,38;222,28;3,1;
05/03/2013;39;24;31,5;96;14,6;16,33;87,74;77;6
06/03/2013;37;25;31;4;17,2;78,23;321,72;0;0,1
07/03/2013;37;24;30,5;5;11,4;82,31;345,12;0;0,1
08/03/2013;37;24;30,5;32;14,6;40,82;333,42;12;1,6
09/03/2013;37;25;31;7;9,7;53,06;286,62;4;
10/03/2013;36;24;30;28,2;14,3;48,98;315,87;15,2;2,2
11/03/2013;36;20;28;18,4;10;0,27;0;15,4;1,2
12/03/2013;30;24;27;4;6,9;65,99;245,68;0;0,1
13/03/2013;36;24;30;2;13;1,36;216,43;0;
14/03/2013;37;24;30,5;21;9,3;61,9;81,89;6;0,4
15/03/2013;36;24;30;14,7;14,9;40,82;269,07;11,7;2,8
16/03/2013;38;24;31;4,7;16,4;20,85;327,57;0,7;0,6
17/03/2013;34;24;29;6;14,9;60,36;239,83;0;0,1
18/03/2013;37;24;30,5;4;8,2;53,5;216,43;0;0,6
19/03/2013;36;24;30;131,3;6,7;37,72;128,69;73,3;5,6
20/03/2013;35;24;29,5;5;6,2;70,64;304,17;0;0,4
21/03/2013;39;25;32;3;6,8;66,12;315,87;0;0,2
22/03/2013;37;24;30,5;4;7,8;69,96;327,57;0;0,1
23/03/2013;39;25;32;5,6;4,3;43,21;245,68;0,6;
24/03/2013;37;25;31;21,9;5,6;13,72;140,39;6,9;0,4
25/03/2013;36;24;30;4,3;5,6;39,09;140,39;0,3;0,6
26/03/2013;37;24;30,5;4;6;65,84;239,83;0;0,6
27/03/2013;38;25;31,5;12;5,6;65,84;245,68;8;0,4
28/03/2013;39;24;31,5;4,1;4;47,33;239,83;1,1;0,4
29/03/2013;38;24;31;35,4;4,9;25,38;116,99;18,4;1,2
30/03/2013;37;24;30,5;4,4;3,9;37,04;122,84;2,4;
31/03/2013;37;24;30,5;2;4,9;26,06;175,48;0;
01/04/2013;37;24;30,5;4;5,2;53,4;193,03;0;0,6
02/04/2013;39;25;32;6;4,3;65,88;193,03;0;
03/04/2013;39;25;32;63,2;5,8;41,61;193,03;33,2;2
04/04/2013;39;24;31,5;4;5;26,35;64,34;0;
05/04/2013;39;25;32;1;6;12,48;116,99;;
06/04/2013;39;25;32;4;1,2;40,92;99,44;;2,2
07/04/2013;38;25;31,5;77;6,6;18,72;187,18;0;17,8
08/04/2013;38;24;31;4,2;3,2;8,32;93,59;0,2;1,4
09/04/2013;37;24;30,5;16,9;10,8;20,8;134,54;12,9;1,2
10/04/2013;38;25;31,5;15,3;7,4;79,75;193,03;7,3;0,8
11/04/2013;39;24;31,5;60;9;45,77;169,63;2;1,4
12/04/2013;38;24;31;3,1;18,6;27,05;111,14;1,1;2,8
13/04/2013;38;23;30,5;2,9;20,1;72,12;175,48;0,9;0,6
14/04/2013;38;24;31;2,3;11,4;35,37;128,69;0,3;0,8
15/04/2013;39;24;31,5;5;9,3;27,05;245,68;0;1
16/04/2013;39;24;31,5;13,9;6,7;46,96;216,43;8,9;2,4
17/04/2013;38;25;31,5;4;5,5;45,63;257,37;0;1,2
18/04/2013;39;26;32,5;13,2;5,6;5,95;46,8;11,2;2,8
19/04/2013;39;24;31,5;7;3,9;15,21;210,58;3;1,2
20/04/2013;39;24;31,5;1;3,9;47,75;157,93;1;1
21/04/2013;39;24;31,5;21,4;5,3;51,59;239,83;12,4;4,2
22/04/2013;38;25;31,5;5;7;51,59;152,08;0;1,2
23/04/2013;38;25;31,5;74,8;6;23,81;134,54;38,8;5
24/04/2013;39;22;30,5;48;5,2;35,05;228,13;26;8,2
25/04/2013;39;23;31;3;3;49,6;245,68;0;2
26/04/2013;39;20;29,5;4;2,2;60,85;345,12;0;1,6
27/04/2013;39;23;31;5;1,2;63,49;269,07;0;1,4
28/04/2013;39;24;31,5;4;6,1;66,8;655,13;0;1,4
29/04/2013;39;23;31;4;2,1;57,54;181,33;0;1
30/04/2013;39;23;31;4;2,6;65,48;181,33;0;1
01/05/2013;39;24;31,5;5;2,1;32,04;152,08;0;0,8
02/05/2013;38;22;30;3;1,7;64,09;181,33;0;0,8
03/05/2013;39;23;31;3;1,3;64,09;116,99;0;0,6
04/05/2013;39;23;31;6;3,3;62,08;157,93;0;1
05/05/2013;39;23;31;4;4,9;72,76;193,03;0;1
06/05/2013;39;24;31,5;3;4,7;52,07;181,33;0;1,2
07/05/2013;39;25;32;7,1;4,6;42,06;175,48;7,1;2,6
08/05/2013;39;23;31;2;4;2;140,39;0;
09/05/2013;39;24;31,5;5;3,1;19,36;140,39;0;
10/05/2013;39;23;31;5;2,5;56,07;204,73;0;
11/05/2013;38;23;30,5;8;3,1;50,07;146,24;8;
12/05/2013;39;24;31,5;2;3;31,38;128,69;0;
13/05/2013;39;24;31,5;6;3,9;11,35;0;0;
14/05/2013;39;23;31;10,7;4,7;17,36;70,19;2,7;0,2
15/05/2013;39;22;30,5;10,4;7,1;12,82;122,84;7,4;
16/05/2013;39;24;31,5;2;9,5;36,73;128,69;0;
17/05/2013;39;22;30,5;1,2;7;60,99;157,93;0,2;
18/05/2013;39;22;30,5;8,2;9,3;29,49;163,78;5,2;
19/05/2013;39;22;30,5;14,9;10,4;29,49;64,34;1,9;
20/05/2013;39;22;30,5;61;7,8;21,45;116,99;27;2,4
21/05/2013;39;22;30,5;4;4,2;40,21;134,54;0;0,2
22/05/2013;39;23;31;155,9;6,5;1,34;35,1;83,9;8,6
23/05/2013;39;24;31,5;2,2;9,3;24,8;116,99;0,2;4
24/05/2013;39;23;31;5,5;4,8;48,26;134,54;0,5;1,4
25/05/2013;39;24;31,5;131,7;5,7;24,8;140,39;64,7;15,8
26/05/2013;39;24;31,5;2,1;3,4;34,18;169,63;2,1;3,4
27/05/2013;39;23;31;2;12,7;17,43;187,18;0;1,6
28/05/2013;39;22;30,5;7;3,8;24,8;58,49;4;3,8
29/05/2013;39;21;30;3;1,5;41,55;175,48;1;1,6
30/05/2013;39;24;31,5;28;7,3;56,97;116,99;15;4,2
31/05/2013;39;23;31;63,3;8,8;30,16;146,24;33,3;8,4
01/06/2013;38;23;30,5;2,5;9;28,3;210,58;2,5;3
02/06/2013;39;23;31;28,7;6,5;81,4;116,99;2,7;9
03/06/2013;39;24;31,5;7,1;5,7;0,4;52,64;6,1;2
04/06/2013;39;23;31;7;14,1;52,56;81,89;0;1,6
05/06/2013;36;23;29,5;3;12,1;52,56;76,04;1;1,4
06/06/2013;38;23;30,5;11,2;18,2;0;0;0,2;2,2
07/06/2013;35;24;29,5;23,2;6,1;4,04;0;19,2;1,4
08/06/2013;35;24;29,5;38,6;10;0,67;0;1,6;2,8
09/06/2013;35;24;29,5;43,2;7;12,13;0;35,2;1,6
10/06/2013;36;24;30;6;3,3;0;257,37;6;1,2
11/06/2013;36;25;30,5;9;5,5;37,74;0;2;7,4
12/06/2013;36;24;30;16,5;3,3;29,65;35,1;10,5;1,8
13/06/2013;36;24;30;43,3;3,6;16,17;87,74;4,3;11
14/06/2013;35;24;29,5;18;5,7;19,54;116,99;13;2,2
15/06/2013;35;24;29,5;7;3,2;28,3;93,59;0;1,6
16/06/2013;35;24;29,5;4;6,9;52,7;169,63;0;1,4
17/06/2013;35;24;29,5;2;4,5;19,59;64,34;0;1,2
18/06/2013;35;24;29,5;6;4,5;64,86;122,84;0;1,2
19/06/2013;37;24;30,5;6;4,9;62,16;76,04;0;1,2
20/06/2013;37;24;30,5;5;6,3;41,22;128,69;0;1,2
21/06/2013;38;24;31;44,4;5,1;17,57;187,18;10,4;1,4
22/06/2013;36;24;30;5,3;4,1;20,95;128,69;0,3;3
23/06/2013;36;24;30;0;5,7;48,65;122,84;0;1,2
24/06/2013;36;24;30;8;10,1;60,14;128,69;0;1
25/06/2013;36;24;30;1;8,6;75,68;122,84;0;1
26/06/2013;36;24;30;1;8,2;62,16;70,19;0;1
27/06/2013;37;24;30,5;4;10;28,38;122,84;0;1
28/06/2013;35;24;29,5;5,1;6,2;66,22;111,14;1,1;1,8
29/06/2013;35;24;29,5;4,5;4,4;7,43;0;1,5;1
30/06/2013;35;24;29,5;1;7;36,49;76,04;0;0,8
01/07/2013;36;24;30;6;5,8;59,38;157,93;0;0,8
02/07/2013;35;24;29,5;4;6,8;43,18;23,4;0;0,8
03/07/2013;36;23;29,5;9;4,6;4,72;17,55;7;0,6
04/07/2013;37;24;30,5;5;8,6;49,26;23,4;0;0,4
05/07/2013;37;25;31;1;6,6;48,58;70,19;0;0,4
06/07/2013;37;24;30,5;4;6,1;50,61;76,04;0;0,4
07/07/2013;37;23;30;2;6,1;32,39;105,29;0;0,4
08/07/2013;33;23;28;4;7,7;26,99;58,49;0;0,2
09/07/2013;33;23;28;12;5;4,05;134,54;10;0,8
10/07/2013;32;23;27,5;4,5;4,4;8,1;46,8;2,5;0,8
11/07/2013;32;23;27,5;42,3;6,3;8,1;58,49;21,3;1
12/07/2013;32;22;27;1,2;4,7;56,95;105,29;0,2;0,8
13/07/2013;33;24;28,5;16;5,2;20,24;58,49;6;1,2
14/07/2013;33;22;27,5;1;12,1;24,29;152,08;0;1,4
15/07/2013;33;22;27,5;3;5,1;34,14;257,37;0;0,6
16/07/2013;36;23;29,5;4;5,9;29,61;163,78;0;0,6
17/07/2013;35;23;29;3;6,6;42,4;245,68;0;0,4
18/07/2013;34;24;29;1;7,1;52,49;233,98;0;0,4
19/07/2013;34;22;28;2,3;5,5;40,38;210,58;0,3;0,4
20/07/2013;34;22;28;4;7,9;52,49;198,88;0;0,2
21/07/2013;34;22;28;3;5,2;64,6;163,78;0;0,2
22/07/2013;35;21;28;1,5;4,7;28,26;193,03;0,5;0
23/07/2013;36;22;29;1;6,2;56,53;146,24;0;0
24/07/2013;35;24;29,5;4;7,7;32,3;111,14;0;0
25/07/2013;35;24;29,5;7,5;4,4;113,06;0;3,5;0
26/07/2013;34;23;28,5;5;5,6;43,07;152,08;0;0
27/07/2013;35;24;29,5;4;5,5;43,74;152,08;0;0
28/07/2013;35;23;29;4;7,2;68,64;245,68;0;0
29/07/2013;34;23;28,5;3;6,1;65,95;298,32;0;0
30/07/2013;35;21;28;5;8,6;76,04;128,69;0;0
31/07/2013;35;21;28;4;6,2;76,72;163,78;0;0
01/08/2013;35;20;27,5;6;6,8;78,98;175,48;0;0
02/08/2013;35;21;28;4;10,1;64,93;204,73;0;0
03/08/2013;36;20;28;4;6,1;74,97;339,27;0;0
04/08/2013;37;21;29;4;7,3;56,22;105,29;0;0
05/08/2013;35;20;27,5;5;5;12,05;304,17;0;0
06/08/2013;37;20;28,5;5;8,6;48,19;146,24;0;0
07/08/2013;36;21;28,5;1;8;48,19;175,48;0;0
08/08/2013;36;21;28,5;4;7,2;69,61;122,84;0;0
09/08/2013;37;20;28,5;2;6,5;56,22;175,48;0;0
10/08/2013;34;20;27;3;7;64,93;228,13;0;0
11/08/2013;35;21;28;4;8,9;36,14;193,03;0;0
12/08/2013;36;20;28;6;8,7;8,17;233,98;0;0
13/08/2013;38;20;29;5;10,4;56,89;105,29;0;0
14/08/2013;36;20;28;3;5,4;16,06;70,19;0;0
15/08/2013;36;24;30;4;6,1;52,88;122,84;0;0
16/08/2013;35;24;29,5;4,8;4,3;20,61;76,04;0,8;0
17/08/2013;35;24;29,5;3;7,3;24,6;93,59;0;0
18/08/2013;35;22;28,5;3;6,8;66,49;198,88;0;0
19/08/2013;34;22;28;3,8;7,2;34,57;140,39;1,8;0
20/08/2013;34;21;27,5;3;6,5;32,58;122,84;1;0
21/08/2013;35;22;28,5;2;6,3;47,87;111,14;0;0
22/08/2013;35;22;28,5;2;8,9;59,84;157,93;0;0
23/08/2013;34;20;27;2;7,7;35,9;122,84;0;0
24/08/2013;34;20;27;4;7,4;75,13;163,78;0;0
25/08/2013;36;21;28,5;5;8,1;62,5;222,28;0;0
26/08/2013;35;22;28,5;5;7,1;67,15;321,72;0;0
27/08/2013;35;21;28;4;8;70,48;222,28;0;0
28/08/2013;35;20;27,5;4;6;65,82;193,03;0;0
29/08/2013;36;20;28;2;6,3;59,84;216,43;0;0
30/08/2013;36;21;28,5;2;7,2;69,15;204,73;0;0
31/08/2013;37;20;28,5;4;7,3;75,8;233,98;0;0
01/09/2013;33;21;27;4;7,2;51,45;245,68;0;0
02/09/2013;38;20;29;7;7,6;71,9;245,68;0;0
03/09/2013;36;21;28,5;5;6,4;17,81;122,84;0;0
04/09/2013;37;22;29,5;2;8,8;60,69;274,92;0;0
05/09/2013;38;20;29;3;6,3;35,62;204,73;0;0
06/09/2013;33;22;27,5;4;7,2;59,37;210,58;0;0
07/09/2013;35;21;28;3;7,4;55,41;181,33;0;0
08/09/2013;36;22;29;4;11,2;73,22;204,73;0;0
09/09/2013;36;21;28,5;6;10,1;71,24;146,24;0;0
10/09/2013;35;20;27,5;5;7,5;75,2;269,07;0;0
11/09/2013;36;20;28;3;6,6;71,24;274,92;0;0
12/09/2013;37;20;28,5;2;7;62,01;228,13;0;0
13/09/2013;37;20;28,5;4;7;61,35;286,62;0;0
14/09/2013;35;20;27,5;5;9,4;69,92;292,47;0;0
15/09/2013;36;22;29;6,8;6,5;23,75;140,39;5,8;0
16/09/2013;36;21;28,5;4;5,4;16,6;93,59;0;0
17/09/2013;36;20;28;4,3;6,1;8,99;280,77;0,3;0
18/09/2013;35;20;27,5;5;7;45,64;216,43;0;0
19/09/2013;35;20;27,5;5,7;6,8;53,94;286,62;0,7;0
20/09/2013;35;20;27,5;5;6,2;29,05;187,18;0;0
21/09/2013;36;20;28;5;7;47,03;263,22;0;0
22/09/2013;35;21;28;3;8,5;41,49;233,98;0;0
23/09/2013;36;20;28;2;8,3;30,43;169,63;0;0
24/09/2013;35;21;28;5;8,5;63,62;310,02;0;0
25/09/2013;37;20;28,5;5;8,3;49,79;327,57;0;0
26/09/2013;36;21;28,5;2;7,7;20,75;239,83;0;0
27/09/2013;37;20;28,5;3;7,6;60,86;321,72;0;0
28/09/2013;37;21;29;6;6,9;53,94;263,22;0;0
29/09/2013;38;20;29;2,2;7,3;62,24;374,36;0,2;0
30/09/2013;39;20;29,5;5;7,2;62,24;310,02;0;0
01/10/2013;37;22;29,5;2;7,2;73,51;181,33;0;0
02/10/2013;38;21;29,5;5;8,2;75,59;280,77;0;0
03/10/2013;39;21;30;5;7,6;55,48;239,83;0;0
04/10/2013;38;20;29;2;7,7;70,74;350,96;0;0
05/10/2013;37;22;29,5;3;9,7;58,25;350,96;0;0
06/10/2013;36;22;29;6;6,9;66,57;263,22;0;0
07/10/2013;36;22;29;6;7,5;50,62;280,77;0;0
08/10/2013;37;22;29,5;7;7,3;66,57;292,47;0;0
09/10/2013;37;22;29,5;12;7,7;49,93;280,77;0;0
10/10/2013;37;22;29,5;21,4;8,4;58,25;263,22;16,4;0
11/10/2013;37;22;29,5;5;5,5;29,13;269,07;0;0
12/10/2013;37;22;29,5;5;7,8;67,96;374,36;0;0
13/10/2013;37;22;29,5;6;6,5;73,51;304,17;0;0
14/10/2013;38;22;30;4;8,6;81,83;368,51;0;0
15/10/2013;38;22;30;3;9,8;82,52;321,72;0;0
16/10/2013;38;21;29,5;6;8;77,34;304,17;0;0
17/10/2013;39;22;30,5;45;8,4;75,98;327,57;0;0
18/10/2013;38;22;30;59;7,3;62,42;321,72;0;0
19/10/2013;38;22;30;3;6,6;20,35;280,77;1;0
20/10/2013;38;22;30;2;11,6;52,92;292,47;0;0
21/10/2013;38;21;29,5;6;3,5;61,06;274,92;0;0
22/10/2013;38;22;30;4;7;39,35;233,98;0;0
23/10/2013;39;24;31,5;18;6;32,56;374,36;0;0
24/10/2013;38;23;30,5;2;6,4;28,49;298,32;0;0
25/10/2013;39;23;31;6;5,1;16,28;380,21;0;0
26/10/2013;38;22;30;4;6;31,21;362,66;0;0
27/10/2013;39;23;31;3;6,5;36,64;403,61;0;0
28/10/2013;39;23;31;2;8,6;36,09;210,58;0;0
29/10/2013;36;23;29,5;2,4;8,2;47,49;228,13;0,4;0,6
30/10/2013;35;23;29;4,5;7,2;28,49;198,88;2,5;0
31/10/2013;36;24;30;5;7,6;54,95;321,72;0;0,2
01/11/2013;37;23;30;7;8,5;77,85;210,58;0;0
02/11/2013;37;23;30;4;5,1;64,43;327,57;0;0
03/11/2013;37;23;30;5;8,4;46,98;304,17;0;0
04/11/2013;37;23;30;2;11,7;49,66;239,83;2,2;0
05/11/2013;37;23;30;6;11,4;67,11;210,58;0;0
06/11/2013;37;24;30,5;5;6,2;49,66;222,28;0;0
07/11/2013;39;24;31,5;3;7,2;22,82;134,54;0,4;0
08/11/2013;39;23;31;8;6,9;71,14;181,33;10,9;0,4
09/11/2013;38;23;30,5;3;9,4;25,5;292,47;0;0,2
10/11/2013;38;24;31;10;8,3;56,38;251,52;16,4;0
11/11/2013;38;24;31;60;7,2;46,98;0;0;0,4
12/11/2013;39;24;31,5;2;5,8;8,72;251,52;0,2;0
13/11/2013;36;24;30;4;5,5;50,34;0;3,9;0
14/11/2013;37;24;30,5;4;3,8;25,5;280,77;0,4;0
15/11/2013;36;23;29,5;65;8,6;17,45;93,59;0,5;0
16/11/2013;34;23;28,5;0;6,6;1,34;70,19;43,8;0
17/11/2013;34;23;28,5;28;28,9;16,71;70,19;5;0
18/11/2013;36;24;30;10;10;53,48;701,93;33,5;0
19/11/2013;37;25;31;7;10,4;2,01;64,34;17,2;0
20/11/2013;37;24;30,5;25;18,2;8,02;40,95;5,2;3,4
21/11/2013;36;22;29;10;13,3;48,13;228,13;10;0,2
22/11/2013;35;23;29;25;12,6;60,16;257,37;0;0
23/11/2013;35;22;28,5;5;10,2;69,52;210,58;0;0
24/11/2013;37;23;30;7;10,6;50,13;187,18;3;0
25/11/2013;37;22;29,5;10;10;13,37;204,73;2,2;0
26/11/2013;36;21;28,5;2;8,8;36,1;222,28;0,7;0
27/11/2013;36;22;29;3;7,7;10,7;0;2,4;0
28/11/2013;37;22;29,5;0;6,3;60,16;286,62;4,8;0
29/11/2013;38;24;31;0;9,7;24,73;105,29;1,7;0
30/11/2013;35;22;28,5;2;6,2;50,13;116,99;0;0
01/12/2013;34;23;28,5;2;5,1;33,91;245,68;0;0
02/12/2013;34;23;28,5;4;4,3;6,65;0;4,3;0
03/12/2013;35;22;28,5;5;5,4;3,32;81,89;7;
04/12/2013;35;22;28,5;7;7;43,88;216,43;3,3;0
05/12/2013;35;22;28,5;4;7,1;35,9;245,68;0,9;0
06/12/2013;37;22;29,5;4;6,3;51,86;239,83;0;0
07/12/2013;38;23;30,5;6;5,3;11,97;128,69;12;0
08/12/2013;35;23;29;0;7,1;11,97;111,14;34;
09/12/2013;36;24;30;7;6,9;9,97;70,19;3,4;
10/12/2013;35;25;30;15;3,4;13,3;181,33;6,9;
11/12/2013;35;24;29,5;1;9;23,94;157,93;8,9;
12/12/2013;37;24;30,5;15;4,5;11,97;116,99;9;0
13/12/2013;37;24;30,5;6;9;31,91;257,37;7;0
14/12/2013;38;24;31;2;5,9;5,32;187,18;3;0
15/12/2013;34;24;29;3;4;0,66;0;0;0
16/12/2013;35;23;29;1;4,9;32,49;257,37;2;0
17/12/2013;38;24;31;3;6,2;27,85;116,99;0;0,2
18/12/2013;37;23;30;5;6,4;45,09;228,13;0;0,2
19/12/2013;38;23;30,5;5;14,1;4,64;93,59;30;0,2
20/12/2013;39;24;31,5;100;16,1;0;0;104;0,2
21/12/2013;38;23;30,5;95;12,6;0;0;102;5
22/12/2013;39;24;31,5;18;12,2;0;0;1,3;2,6
23/12/2013;31;22;26,5;0;12,8;3,98;0;2,3;1
24/12/2013;31;22;26,5;3;13,9;3,98;0;4,5;0,6
25/12/2013;32;22;27;19;10,9;5,31;0;3,8;0,4
26/12/2013;32;22;27;3;12,1;62,33;128,69;0;0,8
27/12/2013;33;22;27,5;5;9,9;55,7;128,69;0;0,4
28/12/2013;37;21;29;6;18,3;66,98;251,52;0;0,4
29/12/2013;36;21;28,5;4;18,9;61,01;181,33;0,5;0,2
30/12/2013;37;22;29,5;5;5,3;0;52,64;41;0,2
31/12/2013;39;22;30,5;30;8,3;0;0;10,5;0,2
01/01/2014;37;21;29;12;5,1;0;0;5;0,4
02/01/2014;38;21;29,5;9;4,7;15,89;35,1;0;0,4
03/01/2014;38;22;30;0;7;35,76;222,28;3;0,4
04/01/2014;38;21;29,5;5;11,7;27,81;157,93;6,9;0,4
05/01/2014;37;21;29;50;21,1;0,66;0;30,2;8
06/01/2014;37;22;29,5;0;4,8;15,89;204,73;15,3;0,6
07/01/2014;38;22;30;15;1,3;5,3;187,18;0;0,8
08/01/2014;39;21;30;5;6,7;58,28;292,47;145,8;0,8
09/01/2014;39;22;30,5;96;20,9;65,56;233,98;5,7;1
10/01/2014;37;22;29,5;5;7,2;49,67;204,73;0,4;1
11/01/2014;38;21;29,5;5;0,8;19,21;116,99;0;1
12/01/2014;39;23;31;3;5,2;24,37;140,39;54,8;1
13/01/2014;37;22;29,5;56;9,2;5,96;163,78;22;1,2
14/01/2014;38;21;29,5;20;16,2;0;163,78;1;1,2
15/01/2014;38;22;30;4;23,2;0;0;13;1,2
16/01/2014;38;21;29,5;28;9,8;34,09;58,49;16,6;1,2
17/01/2014;37;22;29,5;0;2;5,68;163,78;0,7;1
18/01/2014;38;22;30;2;2,9;4,42;128,69;3,9;1
19/01/2014;32;24;28;2;8,3;30,3;263,22;2,3;1
20/01/2014;35;22;28,5;0;11,2;41,67;257,37;8,8;1
21/01/2014;39;23;31;4;8,3;8,21;181,33;14;1
22/01/2014;39;23;31;12;10,3;57,7;87,74;22,3;1
23/01/2014;37;22;29,5;18;3;22,73;345,12;0,4;1
24/01/2014;37;23;30;3;4,3;36,62;157,93;1,2;1
25/01/2014;39;23;31;4;7,8;34,09;228,13;33,4;1
26/01/2014;35;23;29;25;13,3;53,66;274,92;0,1;1
27/01/2014;37;23;30;3;11,2;49,24;40,95;10,4;1
28/01/2014;36;24;30;33;4,4;11,36;76,04;26,7;10,8
29/01/2014;37;23;30;0;6,4;34,09;35,1;6;1,2
30/01/2014;37;24;30,5;3;14,8;50,51;175,48;0,3;1,2
31/01/2014;37;24;30,5;5;21,3;26,52;175,48;12,6;1,2
01/02/2014;37;24;30,5;16;21,3;57,18;245,68;7,9;1,2
02/02/2014;37;23;30;4;7,9;3,81;11,7;14,5;1,2
03/02/2014;37;24;30,5;3;5,5;24,78;193,03;1;1,7
04/02/2014;36;24;30;0;4,4;30,5;181,33;6,9;1,1
05/02/2014;38;23;30,5;0;0,9;36,85;239,83;0;1,1
06/02/2014;38;23;30,5;5;7,9;12,71;52,64;16,8;9,6
07/02/2014;38;23;30,5;20;13;33,67;286,62;0;1,2
08/02/2014;38;24;31;10;11;46,38;210,58;15,6;5,3
09/02/2014;37;24;30,5;5;5,1;34,31;134,54;0;1,2
10/02/2014;38;23;30,5;0;4,2;35,58;245,68;45;1
11/02/2014;39;24;31,5;40;10,4;9,53;134,54;0,2;1,7
12/02/2014;39;23;31;5;4,1;31,13;193,03;0;1,2
13/02/2014;39;23;31;5;5;50,83;198,88;0;1,2
14/02/2014;39;24;31,5;15;6,3;0;64,34;7,2;6,6
15/02/2014;40;24;32;0;8,3;8,26;152,08;0,3;1,3
16/02/2014;34;22;28;4;6,6;57,69;157,93;5,7;1,2
17/02/2014;35;23;29;3;5,6;38,46;216,43;0;3,2
18/02/2014;37;22;29,5;5;5,2;48,72;239,83;4;1,2
19/02/2014;37;24;30,5;5;4;3,85;0;0,3;1,2
20/02/2014;34;23;28,5;1;6,1;69,23;228,13;0;1,2
21/02/2014;38;23;30,5;5;3,6;23,08;169,63;1,1;1,2
22/02/2014;39;22;30,5;3;3,6;15,38;99,44;7,8;1,2
23/02/2014;38;22;30;8;4;5,13;152,08;13;1,7
24/02/2014;37;22;29,5;24;4,6;37,18;222,28;5;1,2
25/02/2014;38;22;30;12;4,7;37,18;128,69;4,4;4,4
26/02/2014;39;22;30,5;13;4,6;50;157,93;0;1,2
27/02/2014;32;24;28;5;5,3;58,97;222,28;0;1,2
28/02/2014;34;23;28,5;5;6;53,85;187,18;0;1,2
01/03/2014;38;22;30;0;5;57,14;198,88;5,9;1,2
02/03/2014;37;24;30,5;5;7,6;40,82;228,13;0,1;1,2
03/03/2014;38;23;30,5;5;6,9;48,98;216,43;33,8;4,2
04/03/2014;38;23;30,5;30;7,2;44,9;204,73;1;4,6
05/03/2014;38;23;30,5;3;5,5;51,7;310,02;0,3;1,2
06/03/2014;38;22;30;5;6,4;41,5;315,87;0;1,2
07/03/2014;38;23;30,5;5;5,6;67,35;280,77;0;1,2
08/03/2014;38;24;31;5;9,3;46,26;181,33;0;1,2
09/03/2014;35;23;29;5;9,2;53,06;245,68;0,3;1,2
10/03/2014;37;23;30;5;7,7;24,49;245,68;0;1,2
11/03/2014;38;23;30,5;5;7,8;44,9;157,93;0;1,2
12/03/2014;37;22;29,5;5;9,1;55,78;239,83;0;1,2
13/03/2014;37;23;30;20;9,7;62,59;251,52;4,6;3,6
14/03/2014;37;22;29,5;5;7,2;38,1;239,83;0,9;1,3
15/03/2014;38;23;30,5;5;6,3;38,1;116,99;0;1,3
16/03/2014;38;23;30,5;4;7;30,18;116,99;0;1,3
17/03/2014;37;22;29,5;5;4,1;46,64;140,39;0;1,3
18/03/2014;38;23;30,5;2;7,6;53,5;198,88;0,9;1,3
19/03/2014;37;24;30,5;5;4,1;26,75;146,24;0;1,3
20/03/2014;38;23;30,5;5;5;8,23;175,48;18;1,2
21/03/2014;36;23;29,5;20;4,9;41,15;193,03;3,5;1,2
22/03/2014;36;22;29;0;5,3;49,38;157,93;0;1,2
23/03/2014;37;23;30;3;5,3;48,01;163,78;2;1,2
24/03/2014;39;22;30,5;5;5,7;5,49;175,48;3,7;1,3
25/03/2014;39;22;30,5;1;6,6;8,92;58,49;0,5;4
26/03/2014;39;23;31;4;5,8;37,04;122,84;0;1,3
27/03/2014;37;23;30;5;6,6;45,27;122,84;0;1,3
28/03/2014;38;22;30;43;4;41,15;228,13;56;7,8
29/03/2014;39;23;31;4;4,7;45,27;140,39;8,7;1,2
30/03/2014;40;23;31,5;4;6;45,27;181,33;0;1,2
31/03/2014;40;25;32,5;5;5,1;49,38;251,52;0;1,2
01/04/2014;39;24;31,5;5;5,4;58,25;181,33;9;1,4
02/04/2014;39;23;31;6;6,2;82,52;193,03;0;1,2
03/04/2014;39;23;31;5;4,6;66,57;193,03;0;1,2
04/04/2014;38;23;30,5;5;3,8;37,45;193,03;0;1,2
05/04/2014;39;24;31,5;6;5,2;30,51;193,03;3,5;6,8
06/04/2014;37;22;29,5;0;6,6;29,13;157,93;1;1,3
07/04/2014;37;23;30;0;10;58,95;251,52;1,9;1,2
08/04/2014;38;22;30;4;13,3;31,9;228,13;5;1,2
09/04/2014;36;23;29,5;0;10,6;61,72;228,13;3;1,2
10/04/2014;39;23;31;5;9,8;40,22;0;1,5;2,6
11/04/2014;39;22;30,5;4;8;24,97;0;20;7,3
12/04/2014;38;24;31;15;7;25,66;146,24;37,4;10,9
13/04/2014;36;24;30;54;9;24,97;216,43;3,2;1,6
14/04/2014;38;24;31;3;5,1;54,09;181,33;44,2;8,6
15/04/2014;39;23;31;40;10,7;66,57;134,54;1,7;2,2
16/04/2014;40;23;31,5;2;9,1;55,56;204,73;0;2,2
17/04/2014;38;25;31,5;5;6,9;65,48;210,58;0,6;2,2
18/04/2014;38;24;31;6;7,4;64,15;175,48;0;2,2
19/04/2014;38;24;31;5;8,5;49,74;140,39;0;2,2
20/04/2014;38;23;30,5;5;7,6;34,39;152,08;0;2,2
21/04/2014;39;22;30,5;5;7,2;33,07;549,85;7;2,2
22/04/2014;39;23;31;2;9;42,33;204,73;0;2,2
23/04/2014;29;24;26,5;1;8,9;68,78;233,98;4,7;2,2
24/04/2014;29;23;26;3;9,2;30,42;134,54;8;8,7
25/04/2014;35;23;29;2;9;39,68;134,54;0;2,2
26/04/2014;35;23;29;2;8,3;35,71;140,39;0;2,2
27/04/2014;39;24;31,5;4;9,2;42,99;99,44;21,3;2,2
28/04/2014;39;23;31;5;5,2;60,85;216,43;0;2
29/04/2014;38;23;30,5;2;7,4;78,04;152,08;0;
30/04/2014;38;23;30,5;5;5,3;64,81;152,08;0;
01/05/2014;38;23;30,5;5;5,6;52,07;99,44;10,5;
02/05/2014;38;24;31;5;5,8;46,73;111,14;19;1,2
03/05/2014;39;23;31;16;7,9;44,06;70,19;0;12,6
04/05/2014;38;23;30,5;1;6,9;56,74;146,24;0;2
05/05/2014;40;24;32;5;3,7;34,71;134,54;1,8;2
06/05/2014;39;23;31;4;5,3;72,1;93,59;0;2
07/05/2014;38;23;30,5;5;4,2;65,42;152,08;0;2
08/05/2014;38;22;30;5;4,4;44,06;152,08;0;2
09/05/2014;39;23;31;2;4;32,04;169,63;0;2
10/05/2014;39;24;31,5;5;7,6;68,09;222,28;0;
11/05/2014;39;24;31,5;5;3,2;38,72;122,84;1,8;
12/05/2014;39;24;31,5;2;4,6;36,05;128,69;0;2
13/05/2014;39;24;31,5;6;4,9;26,7;128,69;10,5;2
14/05/2014;39;24;31,5;9;4,2;13,35;81,89;0,2;2
15/05/2014;39;23;31;2;5,5;42,06;35,1;6,7;2
16/05/2014;40;23;31,5;12;6,2;48,26;70,19;0;2
17/05/2014;38;25;31,5;2;4;29,49;105,29;1,9;2
18/05/2014;38;25;31,5;4;5,7;56,97;198,88;0;2
19/05/2014;39;24;31,5;5;6,2;68,36;152,08;0;2
20/05/2014;38;24;31;5;3,5;32,17;52,64;0;2
21/05/2014;38;25;31,5;5;4,2;63;52,64;0;2
22/05/2014;38;23;30,5;5;5,8;57,64;64,34;0;2
23/05/2014;39;23;31;5;6,2;63;87,74;0;2
24/05/2014;39;24;31,5;5;8;40,21;128,69;0;2
25/05/2014;38;24;31;5;4,4;46,92;140,39;0;
26/05/2014;38;24;31;4;4,7;44,24;233,98;0;2
27/05/2014;39;24;31,5;3;7,2;68,36;163,78;0;2
28/05/2014;39;25;32;5;5,9;52,28;87,74;0;2
29/05/2014;39;25;32;4;7,2;57,64;122,84;0;2
30/05/2014;38;24;31;5;7,6;68,36;128,69;0;2
31/05/2014;38;25;31,5;5;7,1;65,01;105,29;0;2
01/06/2014;38;22;30;5;7,1;53,23;163,78;0;2
02/06/2014;38;22;30;5;6,1;63,34;93,59;0;0
03/06/2014;38;22;30;2;5,8;59,3;76,04;0;0
04/06/2014;38;22;30;5;5,6;55,26;87,74;0;0
05/06/2014;38;22;30;5;6,9;64,69;46,8;0;0
06/06/2014;38;22;30;5;6,4;5,39;35,1;0;0
07/06/2014;39;23;31;5;8,9;60,65;87,74;0;0
08/06/2014;38;22;30;5;6,6;28,3;105,29;0;0
09/06/2014;38;23;30,5;5;7,9;48,52;122,84;0;0
10/06/2014;38;22;30;5;8,9;28,3;116,99;0;0
11/06/2014;39;23;31;5;6,3;28,3;0;0;0
12/06/2014;39;22;30,5;5;5,2;0;46,8;0;0
13/06/2014;39;23;31;5;4,8;28,3;70,19;0;0
14/06/2014;39;22;30,5;4;15,1;60,65;58,49;0;0
15/06/2014;39;22;30,5;5;5,4;28,3;46,8;0;0
16/06/2014;39;22;30,5;5;6;54,49;93,59;0;0
17/06/2014;39;21;30;3;5,1;12,82;0;0;0
18/06/2014;37;22;29,5;5;5,7;3,85;46,8;0;0
19/06/2014;36;22;29;100;5,1;38,46;128,69;106;0
20/06/2014;38;22;30;5;8,9;30,77;64,34;0;0
21/06/2014;38;23;30,5;5;7,7;57,69;70,19;0;0
22/06/2014;38;22;30;4;6,8;42,31;128,69;0;0
23/06/2014;38;22;30;5;6,5;5,13;0;0;0
24/06/2014;38;22;30;2;5,8;43,59;0;0;0
25/06/2014;39;22;30,5;0;10,1;31,41;0;0,3;0
26/06/2014;37;23;30;68;5,9;33,33;0;70,1;10,3
27/06/2014;37;23;30;5;5,5;34,62;0;0;0
28/06/2014;37;22;29,5;2;5,5;8,97;87,74;0;0
29/06/2014;37;23;30;5;7,3;26,92;52,64;0;0
30/06/2014;38;22;30;5;3,4;41,67;52,64;0;0
01/07/2014;38;23;30,5;5;1,5;28,34;52,64;0;0
02/07/2014;38;22;30;5;4;33,74;35,1;0;0
03/07/2014;37;23;30;4;6,5;12,15;35,1;0;0
04/07/2014;38;23;30,5;5;5,6;17,54;46,8;0,1;0
05/07/2014;37;22;29,5;5;5,4;42,51;29,25;0;0
06/07/2014;37;23;30;5;5,5;24,29;46,8;0;0
07/07/2014;37;22;29,5;4;2,7;0;40,95;0,2;0
08/07/2014;38;23;30,5;2;3,5;0,67;29,25;1,4;0
09/07/2014;38;23;30,5;1;3,8;4,05;23,4;0;0
10/07/2014;38;23;30,5;2;7,9;37,79;52,64;0;0
11/07/2014;38;23;30,5;3;3,8;18,22;0;1,8;0
12/07/2014;38;23;30,5;1;4,9;0;0;0,2;0
13/07/2014;38;24;31;75;9,1;2,02;81,89;52,2;0
14/07/2014;39;23;31;3;5,8;0;23,4;28,7;5,6
15/07/2014;39;23;31;5;2,4;1,35;0;8;0
16/07/2014;39;22;30,5;11;4,7;70,18;0;0;1
17/07/2014;38;22;30;1;5,1;40,38;23,4;0;1
18/07/2014;39;23;31;2;10,2;53,16;58,49;0;1
19/07/2014;39;22;30,5;5;4,8;39,03;0;0;1
20/07/2014;38;23;30,5;2;5,1;22,21;46,8;0;1
21/07/2014;39;23;31;4;5,3;47,11;46,8;0;1
22/07/2014;38;22;30;5;7,5;39,03;0;0,2;1
23/07/2014;38;22;30;5;5,1;43,74;40,95;0;1
24/07/2014;38;22;30;2;4,6;37,01;23,4;0;1
25/07/2014;39;22;30,5;0;2,3;4,04;35,1;1,3;1
26/07/2014;39;23;31;0;5;0;46,8;0;1
27/07/2014;38;22;30;1;1,7;32,3;0;0;1
28/07/2014;38;23;30,5;5;9,8;30,96;23,4;0;0
29/07/2014;39;22;30,5;5;8,1;71,33;0;0;0
30/07/2014;38;23;30,5;5;8;69,31;23,4;0;0
31/07/2014;38;22;30;5;6,3;47,11;58,49;0;0
01/08/2014;38;23;30,5;5;5,7;53,55;70,19;0;0
02/08/2014;38;22;30;2;5,3;45,52;52,64;0;0
03/08/2014;38;23;30,5;5;5,5;32,8;46,8;0;0
04/08/2014;38;22;30;5;6,5;52,21;81,89;0;0
05/08/2014;37;22;29,5;5;9,5;68,27;70,19;0;0
06/08/2014;39;22;30,5;5;5,2;64,26;99,44;0;0
07/08/2014;38;21;29,5;5;7,4;48,19;46,8;0;0
08/08/2014;39;22;30,5;5;5,2;28,78;17,55;0,1;0
09/08/2014;39;22;30,5;2;5,4;6,02;0;0;0
10/08/2014;39;23;31;3;5,7;52,21;29,25;0;0
11/08/2014;39;23;31;2;6,8;37,48;105,29;0;0
12/08/2014;38;23;30,5;2;6,6;66,27;175,48;0;0
13/08/2014;39;23;31;5;7,7;57,56;93,59;0;0
14/08/2014;39;23;31;5;6,6;68,27;140,39;0;0
15/08/2014;39;21;30;5;7,2;52,21;111,14;0;0
16/08/2014;39;22;30,5;2;7;75,8;134,54;0;0
17/08/2014;39;22;30,5;4;9,1;75,8;152,08;0;0
18/08/2014;39;21;30;5;8;60,51;146,24;0;0
19/08/2014;39;21;30;2;6,4;67,82;146,24;0;0
20/08/2014;39;21;30;5;5,8;63,83;128,69;0;0
21/08/2014;39;21;30;5;6,8;53,19;99,44;0;0
22/08/2014;39;21;30;5;5,7;54,52;128,69;0;0
23/08/2014;38;21;29,5;5;7,1;66,49;93,59;0;0
24/08/2014;39;21;30;5;6,7;5,98;105,29;0;0
25/08/2014;39;22;30,5;5;7,9;67,82;134,54;0;0
26/08/2014;39;21;30;5;6,8;39,89;140,39;0;0
27/08/2014;39;22;30,5;5;6,8;69,81;134,54;0;0
28/08/2014;39;20;29,5;3;7,4;43,88;99,44;0;0
29/08/2014;39;21;30;3;6,9;23,94;122,84;0;0
30/08/2014;39;21;30;4;10,5;71,81;187,18;0;0
31/08/2014;39;22;30,5;3;9,3;69,81;116,99;0;0
01/09/2014;39;22;30,5;4;5,9;24,01;111,14;0;0
02/09/2014;39;21;30;4;8,9;51,45;187,18;0;0
03/09/2014;39;21;30;5;7,7;79,16;169,63;0;0
04/09/2014;39;22;30,5;5;6,5;49,47;146,24;0;0
05/09/2014;39;21;30;5;4,9;47,49;222,28;0;0
06/09/2014;39;20;29,5;4;4,2;63,32;210,58;0;0
07/09/2014;39;21;30;5;2,6;52,77;134,54;0;0
08/09/2014;39;21;30;6;2,7;65,3;198,88;0;0
09/09/2014;39;22;30,5;4;2,5;67,28;198,88;0;0
10/09/2014;39;22;30,5;5;3,1;67,28;146,24;0;0
11/09/2014;39;20;29,5;5;4,2;49,47;116,99;0;0
12/09/2014;39;21;30;3;3,9;75,2;116,99;0;0
13/09/2014;39;21;30;5;3;67,28;76,04;0;0
14/09/2014;39;21;30;5;2,5;68,6;181,33;0;0
15/09/2014;39;22;30,5;5;2,5;67,28;228,13;0;0
16/09/2014;40;21;30,5;5;1,8;64,32;122,84;0;0
17/09/2014;39;21;30;5;1,8;43,57;93,59;0;0
18/09/2014;39;21;30;4;3;51,87;157,93;0;0
19/09/2014;39;21;30;3;1,1;56,71;146,24;0;0
20/09/2014;39;20;29,5;4;6,5;70,54;187,18;0;0
21/09/2014;39;20;29,5;5;2,7;29,05;128,69;0;0
22/09/2014;39;21;30;4;5,1;63,62;81,89;0;0
23/09/2014;39;20;29,5;5;4,7;55,33;134,54;0;0
24/09/2014;39;20;29,5;5;3,7;62,24;146,24;0;0
25/09/2014;39;21;30;4;4,7;76,76;146,24;0;0
26/09/2014;39;20;29,5;5;4,5;60,17;116,99;0;0
27/09/2014;39;20;29,5;5;3,6;56,43;122,84;0;0
28/09/2014;39;20;29,5;5;3,8;57,4;87,74;0;0
29/09/2014;39;21;30;5;4,3;49,79;152,08;0;0
30/09/2014;40;20;30;5;5,3;53,94;111,14;0;0
01/10/2014;29;20;24,5;5;4,6;37,45;134,54;0;0
02/10/2014;39;19;29;5;7,2;62,41;81,89;0;0
03/10/2014;40;19;29,5;5;7;60,33;134,54;0;0
04/10/2014;40;19;29,5;5;7;58,25;146,24;0;0
05/10/2014;40;19;29,5;4;8,9;61,03;157,93;0;0
06/10/2014;40;21;30,5;8;6,8;43,69;222,28;0;0
07/10/2014;39;19;29;5;9,8;63,8;169,63;0;0
08/10/2014;39;20;29,5;5;9,5;59,64;233,98;0;0
09/10/2014;39;20;29,5;4;7,7;58,25;187,18;0;0
10/10/2014;40;21;30,5;5;5,7;63,8;193,03;0;0
11/10/2014;40;20;30;5;8,8;66,57;146,24;0;0
12/10/2014;39;19;29;4;9,3;66,57;222,28;0;0
13/10/2014;39;20;29,5;5;6,3;63,11;233,98;0,9;0
14/10/2014;39;20;29,5;5;6,6;49,93;128,69;0;0
15/10/2014;41;21;31;5;6,2;54,09;116,99;0;0
16/10/2014;40;21;30,5;3;8,4;37,31;111,14;0;0
17/10/2014;40;21;30,5;4;11,2;59,02;187,18;0;0
18/10/2014;41;20;30,5;5;4,3;53,6;175,48;0;0
19/10/2014;39;21;30;4;7;40,71;193,03;0;0
20/10/2014;40;20;30;6;12,2;67,16;274,92;0;0
21/10/2014;41;21;31;3;10;73,27;146,24;0;0
22/10/2014;39;20;29,5;4;11,8;67,16;187,18;0;0
23/10/2014;40;20;30;5;7,4;56,99;146,24;0;0
24/10/2014;39;20;29,5;4;6,1;72,46;286,62;0;0
25/10/2014;40;21;30,5;5;5,2;59,02;216,43;0;0
26/10/2014;40;19;29,5;5;14;77,34;222,28;0;0
27/10/2014;40;20;30;4;6,4;34,6;105,29;0;0
28/10/2014;40;21;30,5;5;8;52,92;157,93;0;0
29/10/2014;40;20;30;4;6,2;62,42;111,14;0;0
30/10/2014;40;19;29,5;5;9,4;44,5;204,73;0,2;0
31/10/2014;40;21;30,5;4;6,4;45,45;87,74;0;0
01/11/2014;40;20;30;5;8,6;79,19;93,59;0;0
02/11/2014;40;21;30,5;5;2,8;56,38;122,84;0;0
03/11/2014;40;21;30,5;2;15,2;58,39;11,7;2,3;0
04/11/2014;41;21;31;19;3,6;48,32;175,48;26;0
05/11/2014;41;21;31;25;6,9;48,32;216,43;2,2;0
06/11/2014;41;21;31;5;6,7;12,08;134,54;0;0
07/11/2014;41;21;31;0;6;8,05;134,54;7,1;0
08/11/2014;41;20;30,5;6;6,3;24,16;157,93;3,5;0
09/11/2014;41;20;30,5;5;5,7;26,85;152,08;2,5;0
10/11/2014;41;21;31;6;5,5;4,03;0;2;0,3
11/11/2014;41;19;30;5;7,1;21,48;87,74;1,3;0,3
12/11/2014;41;20;30,5;10;10,2;32,21;216,43;0;0,3
13/11/2014;41;20;30,5;24;4,2;16,11;134,54;20;1
14/11/2014;40;20;30;10;4,3;4,03;46,8;0;0,2
15/11/2014;40;20;30;22;5,7;16,78;99,44;10,9;0,2
16/11/2014;41;20;30,5;10;6,9;20,05;87,74;78,5;0,2
17/11/2014;40;20;30;100;7,7;24,73;175,48;6,8;0,1
18/11/2014;40;21;30,5;45;7,9;46,79;116,99;9;0,1
19/11/2014;42;20;31;33;5,2;26,74;327,57;1;1,2
20/11/2014;41;20;30,5;48;6,5;0,67;134,54;0;0,1
21/11/2014;41;20;30,5;52;5,3;45,45;76,04;1,4;0,1
22/11/2014;42;19;30,5;53;4,8;24,06;93,59;0;0,1
23/11/2014;41;20;30,5;52;10,2;18,05;134,54;0;0,1
24/11/2014;41;20;30,5;44;7,3;84,89;111,14;5,2;0,2
25/11/2014;40;20;30;37;3,9;12,03;46,8;4,8;0,2
26/11/2014;41;21;31;53;3,7;38,77;181,33;0;0,2
27/11/2014;41;20;30,5;52;6,3;2,01;81,89;13;0,2
28/11/2014;41;20;30,5;43;5,8;10,03;181,33;1,8;0,2
29/11/2014;41;20;30,5;54;7,2;10,03;35,1;36,5;1,8
30/11/2014;40;20;30;35;14,7;8,02;11,7;64,7;14,9
01/12/2014;41;20;30,5;46;10,1;0;0;0,2;0,2
02/12/2014;40;21;30,5;5;11,8;0;40,95;0,5;0,3
03/12/2014;41;20;30,5;2;3,5;0;29,25;9,5;0,3
04/12/2014;42;20;31;9;7,5;15,96;76,04;0,5;0,3
05/12/2014;42;20;31;0;8;0;40,95;0,6;0,3
06/12/2014;42;20;31;3;9;7,98;58,49;8;0,3
07/12/2014;42;21;31,5;7;10,5;15,96;0;;0,3
08/12/2014;41;20;30,5;5;10,5;0;187,18;0;0,3
09/12/2014;39;20;29,5;5;24,5;39,89;175,48;1;0,3
10/12/2014;40;20;30;4;18,4;39,89;70,19;3,4;0,3
11/12/2014;40;21;30,5;14;11,5;0;0;60,2;6,3
12/12/2014;40;20;30;62;9,7;0;76,04;15,4;1,2
13/12/2014;41;20;30,5;4;11,5;31,91;81,89;0;0,3
14/12/2014;41;20;30,5;8;8,6;31,91;70,19;5,2;0,2
15/12/2014;40;20;30;4;8,1;39,89;87,74;0;0,3
16/12/2014;40;20;30;5;12,8;47,75;70,19;63,2;1,2
17/12/2014;40;20;30;66;11,6;23,87;52,64;5,2;0,2
18/12/2014;41;20;30,5;4;12;39,79;35,1;50,5;3,6
19/12/2014;42;21;31,5;60;6,8;39,79;87,74;3;0,2
20/12/2014;42;20;31;4;6,4;15,92;23,4;46,8;6,8
21/12/2014;42;20;31;22;5,8;31,83;0;24,5;1,6
22/12/2014;42;20;31;28;7,2;23,87;116,99;21,9;1,7
23/12/2014;43;21;32;15;7,9;15,92;99,44;32,3;1,3
24/12/2014;42;20;31;25;7,2;15,92;46,8;0;0,3
25/12/2014;42;20;31;4;7;31,83;134,54;1,5;0,3
26/12/2014;42;20;31;5;7,8;55,7;181,33;10;0,3
27/12/2014;42;19;30,5;39;22,2;0;35,1;115;6,7
28/12/2014;43;19;31;100;24,9;0;0;24,6;20,4
29/12/2014;43;19;31;24;16,1;7,96;64,34;18,2;20,4
30/12/2014;43;21;32;10;25,7;15,92;163,78;0,2;0,4
31/12/2014;42;20;31;5;14,9;15,92;163,78;0;0,4
01/01/2015;42;20;31;4;1,9;7,95;23,4;21,7;0,57
02/01/2015;42;20;31;54;44,7;7,95;157,93;56,9;1,37
03/01/2015;44;21;32,5;63;16;23,84;46,8;26,2;0,79
04/01/2015;43;21;32;43;15,9;47,68;169,63;11,2;0,54
05/01/2015;43;20;31,5;12;9,2;71,52;99,44;0;0,73
06/01/2015;43;20;31,5;5;20,6;47,68;233,98;0,8;0,42
07/01/2015;43;21;32;5;13,2;23,84;140,39;12,2;0,67
08/01/2015;42;20;31;10;9,6;55,63;169,63;2;0,38
09/01/2015;43;21;32;5;59,7;23,84;169,63;0;0,26
10/01/2015;42;20;31;5;13,3;63,58;163,78;0;0,31
11/01/2015;42;21;31,5;37;20,6;71,52;157,93;14,9;0,26
12/01/2015;43;21;32;35;25,5;55,63;169,63;14,3;0,34
13/01/2015;43;20;31,5;71;3,7;31,79;76,04;52,2;1,8
14/01/2015;43;20;31,5;60;21,9;39,74;35,1;16,3;0,87
15/01/2015;43;20;31,5;31;10,4;47,68;23,4;48,7;0,9
16/01/2015;42;20;31;32;11,3;45,45;29,25;2,2;0,57
17/01/2015;42;20;31;2;13;30,3;0;39;0,53
18/01/2015;42;20;31;39;5,1;22,73;0;21,8;0,53
19/01/2015;43;20;31,5;28;16,2;15,15;116,99;6,6;0,66
20/01/2015;42;20;31;0;12,1;22,73;35,1;1,9;0,63
21/01/2015;43;20;31,5;4;5,4;7,58;23,4;1,2;0,77
22/01/2015;43;20;31,5;5;6,3;30,3;17,55;3,3;0,48
23/01/2015;42;20;31;5;8,7;30,3;17,55;0;0,41
24/01/2015;42;20;31;4;16,2;53,03;17,55;0;0,6
25/01/2015;43;21;32;5;18,2;22,73;0;0,2;0,53
26/01/2015;43;21;32;5;6,6;7,58;52,64;0;0,47
27/01/2015;43;21;32;5;18,5;53,03;23,4;0;0,49
28/01/2015;42;20;31;2;15,1;22,73;40,95;0;0,48
29/01/2015;42;20;31;6;15;45,45;52,64;5;0,39
30/01/2015;42;20;31;3;13;22,73;11,7;16;0,81
31/01/2015;42;21;31,5;10;9,4;22,73;11,7;5,4;0,62
01/02/2015;43;21;32;5;6,9;11,44;0;13,7;1,67
02/02/2015;42;19;30,5;34;10;34,31;111,14;0;0,77
03/02/2015;42;21;31,5;3;14,9;19,06;58,49;1,9;0,45
04/02/2015;42;21;31,5;5;15,7;68,61;58,49;18,5;0,41
05/02/2015;42;20;31;21;13,6;49,56;76,04;0,8;0,71
06/02/2015;42;20;31;5;16,2;25,41;46,8;0;0,41
07/02/2015;42;20;31;5;4,8;41,93;81,89;3;0,4
08/02/2015;42;21;31,5;5;5;31,13;35,1;8,1;0,4
09/02/2015;42;21;31,5;5;7,8;35,58;140,39;30,5;0,9
10/02/2015;42;21;31,5;25;8,2;46,38;11,7;2,8;0,68
11/02/2015;42;21;31,5;0;16,8;53,37;11,7;32;0,7
12/02/2015;42;22;32;34;10;38,12;35,1;10,5;0,73
13/02/2015;42;20;31;12;5;33,67;87,74;1,1;0,67
14/02/2015;42;21;31,5;4;1,3;31,13;46,8;0;0,69
15/02/2015;42;21;31,5;5;4;69,89;23,4;0;0,57
16/02/2015;43;20;31,5;5;15,3;56,41;128,69;0;0,69
17/02/2015;43;20;31,5;4;7,5;43,59;70,19;6,2;0,75
18/02/2015;42;20;31;5;6,2;46,79;46,8;0,3;0,95
19/02/2015;42;21;31,5;4;11,1;38,46;70,19;7,1;0,86
20/02/2015;42;20;31;0;12,3;44,87;17,55;0;0,77
21/02/2015;42;21;31,5;4;15,7;61,54;11,7;0;0,67
22/02/2015;42;20;31;5;14,4;61,54;99,44;0;1,34
23/02/2015;42;21;31,5;5;7,6;31,41;58,49;0;1,37
24/02/2015;42;20;31;5;13,1;41,67;46,8;6,9;0,88
25/02/2015;42;20;31;4;10,7;69,23;76,04;2,3;0,62
26/02/2015;43;21;32;5;6,2;42,31;64,34;0,2;0,53
27/02/2015;42;21;31,5;4;5;8,33;29,25;2,9;0,5
28/02/2015;42;21;31,5;0;6,3;39,1;29,25;0;0,43
01/03/2015;42;20;31;5;7,1;16,33;5,85;0;0,52
02/03/2015;43;20;31,5;5;10,5;49,93;140,39;0;0,52
03/03/2015;43;21;32;5;7,5;42,86;99,44;7,7;0,45
04/03/2015;42;21;31,5;5;17,6;48,98;70,19;9,4;0,76
05/03/2015;42;20;31;2;8,6;20,41;52,64;5;0,65
06/03/2015;43;20;31,5;3;12,3;48,98;52,64;16,4;0,88
07/03/2015;43;20;31,5;12;4,5;8,16;35,1;1,8;0,9
08/03/2015;43;20;31,5;15;3,9;23,13;0;0;0,88
09/03/2015;43;21;32;5;12;19,05;204,73;68,8;0,65
10/03/2015;43;21;32;48;5,3;13,61;35,1;10,8;1,48
11/03/2015;43;20;31,5;18;10,2;21,77;140,39;18,3;0,5
12/03/2015;43;21;32;28;11,2;44,9;81,89;19,4;0,82
13/03/2015;42;21;31,5;32;9,4;57,82;175,48;0;1,5
14/03/2015;43;20;31,5;0;7,7;8,84;35,1;31,2;0,83
15/03/2015;42;21;31,5;30;13;36,05;163,78;3,3;0,73
16/03/2015;43;20;31,5;5;18,1;69,96;198,88;21,7;0,65
17/03/2015;43;21;32;0;10,9;63,1;46,8;0;0,58
18/03/2015;43;20;31,5;5;10,9;69,27;40,95;0;0,48
19/03/2015;42;20;31;4;5,8;26,06;93,59;0;0,68
20/03/2015;43;21;32;5;3,9;16,46;70,19;1,3;0,44
21/03/2015;43;20;31,5;4;6,4;39,78;146,24;4,4;0,65
22/03/2015;44;21;32,5;5;4,8;45,27;128,69;17,1;2,13
23/03/2015;44;20;32;15;5,6;56,24;93,59;0,4;0,81
24/03/2015;43;21;32;3;7,9;45,27;46,8;12,8;0,55
25/03/2015;45;20;32,5;26;7;45,95;35,1;11,2;0,5
26/03/2015;44;21;32,5;22;8,7;45,27;23,4;24,3;0,6
27/03/2015;43;21;32;76;6,7;38,41;58,49;32,4;0,58
28/03/2015;43;20;31,5;55;8,2;41,84;81,89;9;0,59
29/03/2015;44;21;32,5;35;4,7;62,41;93,59;0;2,03
30/03/2015;44;20;32;5;9,3;49,38;93,59;9,2;0,72
31/03/2015;44;21;32,5;25;6,1;61,73;152,08;0;0,49
01/04/2015;44;20;32;2;5,8;9,71;0;7,2;0,48
02/04/2015;44;20;32;0;8,2;52,01;122,84;25;0,53
03/04/2015;42;20;31;30;7,1;55,48;70,19;9,5;0,84
04/04/2015;42;20;31;50;3,8;63,11;46,8;0;0,86
05/04/2015;44;20;32;5;5,4;67,27;204,73;0;0,69
06/04/2015;45;20;32,5;5;5,9;41,61;70,19;8,8;0,48
07/04/2015;44;21;32,5;5;4,7;41,61;40,95;47,2;0,48
08/04/2015;44;20;32;44;5,1;23,58;70,19;11,2;0,49
09/04/2015;44;21;32,5;3;6,4;66,57;40,95;0;0,48
10/04/2015;44;20;32;5;6,7;58,25;29,25;0;0,62
11/04/2015;43;20;31,5;5;8;48,54;35,1;31,9;0,49
12/04/2015;43;21;32;45;5,8;52,01;87,74;2,8;0,86
13/04/2015;43;21;32;0;6,1;15,26;23,4;14;0,51
14/04/2015;43;20;31,5;13;4,7;24,97;76,04;20;0,5
15/04/2015;43;20;31,5;15;6,9;33,98;40,95;2,7;0,52
16/04/2015;43;20;31,5;5;3;31,75;105,29;3;0,49
17/04/2015;43;20;31,5;5;7,3;31,75;64,34;8,4;0,59
18/04/2015;44;20;32;9;12,4;63,49;64,34;28;0,53
19/04/2015;44;20;32;89;8,6;43,65;35,1;30,9;2,17
20/04/2015;43;21;32;5;10,6;39,02;46,8;0,4;0,51
21/04/2015;44;21;32,5;5;9,1;34,39;70,19;0;0,93
22/04/2015;44;20;32;4;13,3;44,97;140,39;31,5;1,04
23/04/2015;44;20;32;34;8,2;6,61;46,8;15,4;2
24/04/2015;44;21;32,5;10;17,9;43,65;122,84;90,2;1,87
25/04/2015;45;20;32,5;85;19,3;23,81;52,64;3,5;1,43
26/04/2015;44;20;32;5;11,1;29,1;35,1;29,2;1,13
27/04/2015;44;21;32,5;35;19,1;42,99;70,19;7,5;0,8
28/04/2015;43;21;32;3;12,4;63,49;70,19;0;0,59
29/04/2015;43;20;31,5;0;6,2;36,38;105,29;5,5;0,87
30/04/2015;44;21;32,5;0;3,8;39,68;0;19,5;0,82
01/05/2015;44;20;32;44;8;36,05;52,64;2,6;0,86
02/05/2015;44;21;32,5;0;7,5;4,01;0;9;1,13
03/05/2015;43;21;32;0;6,2;50,07;0;0;1,2
04/05/2015;43;10;26,5;4;7,1;20,03;105,29;3;0,95
05/05/2015;44;20;32;5;4,6;48,06;46,8;0;0,59
06/05/2015;45;20;32,5;0;5,9;64,75;35,1;0;0,68
07/05/2015;44;21;32,5;5;6,1;70,09;99,44;0;0,5
08/05/2015;45;20;32,5;5;6,7;59,41;81,89;0;0,49
09/05/2015;45;21;33;5;3,7;72,1;122,84;0;0,48
10/05/2015;45;20;32,5;6;4,6;46,73;70,19;0;0,41
11/05/2015;44;20;32;5;6,1;60,08;105,29;0;0,44
12/05/2015;44;20;32;4;4,4;60,75;64,34;0;0,42
13/05/2015;44;21;32,5;3;6,2;48,73;70,19;0;0,44
14/05/2015;44;21;32,5;2;5,5;64,09;76,04;0;0,41
15/05/2015;45;21;33;3;11,9;44,73;81,89;0;0,37
16/05/2015;45;20;32,5;5;1,5;71,05;105,29;0;0,39
17/05/2015;45;22;33,5;5;7,4;69,03;52,64;0;0,4
18/05/2015;45;21;33;5;9,7;64,34;70,19;0;0,38
19/05/2015;45;22;33,5;4;8,4;79,09;140,39;0;0,3
20/05/2015;45;21;33;5;8,6;69,71;93,59;0;0,3
21/05/2015;45;22;33,5;5;7,1;66,35;70,19;0;0,28
22/05/2015;45;22;33,5;5;5,8;60,99;175,48;0;0,31
23/05/2015;45;22;33,5;4;6;60,32;122,84;0;0,3
24/05/2015;45;22;33,5;4;3,7;43,57;35,1;0;0,3
25/05/2015;44;22;33;5;6,4;44,24;146,24;20;0,28
26/05/2015;44;23;33,5;90;4,2;38,87;134,54;45,5;0,31
27/05/2015;44;22;33;2;3,7;0;181,33;0;0,29
28/05/2015;42;24;33;1;5,4;30,83;40,95;0;0,27
29/05/2015;42;25;33,5;3;4,1;26,81;93,59;0;0,27
30/05/2015;44;25;34,5;4;5,4;52,28;23,4;0;0,27
31/05/2015;44;25;34,5;3;4,8;30,83;64,34;0;0,27
01/06/2015;44;24;34;4;4;0;58,49;0;0,38
02/06/2015;44;22;33;5;7,3;45,82;122,84;0;0,48
03/06/2015;44;23;33,5;5;4,7;57,28;105,29;0;0,52
04/06/2015;44;23;33,5;5;5,3;53,91;99,44;0;0,49
05/06/2015;45;25;35;3;5,4;48,52;157,93;0;0,32
06/06/2015;45;25;35;5;5,2;35,04;111,14;0;0,32
07/06/2015;46;25;35,5;3;5,5;39,08;81,89;0;0,31
08/06/2015;46;25;35,5;4;5;45,82;140,39;0,5;0,32
09/06/2015;46;25;35,5;3;5,1;20,22;93,59;0;0,36
10/06/2015;45;25;35;3;6,8;24,26;52,64;0;0,29
11/06/2015;45;24;34,5;2;6,6;61,99;81,89;0;0,21
12/06/2015;45;25;35;3;7,2;40,43;93,59;0;0,3
13/06/2015;45;26;35,5;4;8;72,24;163,78;0;0,28
14/06/2015;45;25;35;5;9,6;72,78;111,14;0;0,21
15/06/2015;45;24;34,5;4;8,9;70,08;122,84;0;0,22
16/06/2015;45;24;34,5;5;7,2;65,54;251,52;0;0,21
17/06/2015;45;25;35;5;8,3;67,57;70,19;0;0,35
18/06/2015;45;25;35;5;7;62,16;99,44;0;0,2
19/06/2015;43;25;34;2;6,5;60,81;76,04;0;0,3
20/06/2015;44;25;34,5;3;7,8;43,24;70,19;0;0,29
21/06/2015;44;25;34,5;4;6,5;36,49;76,04;0;0,31
22/06/2015;42;25;33,5;4;7,5;58,78;122,84;0;0,25
23/06/2015;42;26;34;5;8,2;68,92;105,29;0,3;0,23
24/06/2015;40;25;32,5;4;8,9;68,24;93,59;0;0,25
25/06/2015;42;24;33;3;7,3;64,86;105,29;0;0,24
26/06/2015;42;26;34;5;8,9;56,76;163,78;0;0,31
27/06/2015;42;26;34;4;9,8;64,86;105,29;0;0,29
28/06/2015;41;26;33,5;5;5,9;66,89;52,64;0;0,27
29/06/2015;43;26;34,5;5;7,2;63,51;64,34;0;0,31
30/06/2015;43;25;34;5;5,1;48,65;35,1;0;0,28
01/07/2015;43;25;34;5;7;35,76;76,04;0;0,3
02/07/2015;44;25;34,5;5;6,3;66,13;111,14;0;0,28
03/07/2015;44;25;34,5;5;8,1;59,38;87,74;0;0,3
04/07/2015;44;25;34,5;5;8;68,83;93,59;0;0,28
05/07/2015;43;24;33,5;5;8,5;68,15;64,34;0;0,31
06/07/2015;44;25;34,5;5;8,5;64,78;122,84;0;0,28
07/07/2015;44;25;34,5;5;7,6;62,08;70,19;0;0,3
08/07/2015;44;26;35;5;6,1;8,1;23,4;0;0,29
09/07/2015;44;26;35;4;7,5;7,42;87,74;0;0,28
10/07/2015;44;25;34,5;4;6;61,4;87,74;0;0,27
11/07/2015;44;25;34,5;5;8,5;56,68;64,34;0;0,27
12/07/2015;44;25;34,5;5;7,2;52,63;76,04;0;0,29
13/07/2015;44;25;34,5;5;7,1;56,68;0;0;0,21
14/07/2015;45;24;34,5;5;9;61,4;35,1;0;0,25
15/07/2015;45;25;35;4;8,3;60,73;35,1;0;0,22
16/07/2015;44;26;35;5;7,8;58,55;23,4;0;0,24
17/07/2015;45;25;35;5;7,9;48,45;87,74;0;0,2
18/07/2015;45;25;35;5;8,5;49,13;140,39;0;0,21
19/07/2015;44;24;34;5;7,8;58,55;70,19;0;0,22
20/07/2015;45;24;34,5;5;8,3;44,41;122,84;0;0,2
21/07/2015;44;24;34;5;7,2;28,94;64,34;0;0,22
22/07/2015;44;24;34;5;8,1;29,61;23,4;0;0,2
23/07/2015;44;24;34;5;9,3;36,34;87,74;0;0,31
24/07/2015;44;25;34,5;5;7,5;34,32;40,95;0;0,24
25/07/2015;44;25;34,5;5;7,9;69,99;76,04;0;0,24
26/07/2015;44;25;34,5;5;8,1;53,84;46,8;0;0,22
27/07/2015;44;25;34,5;5;9;60,57;163,78;0;0,22
28/07/2015;45;24;34,5;5;8,7;61,24;128,69;0;0,41
29/07/2015;45;25;35;5;7,7;63,26;111,14;0;0,21
30/07/2015;44;25;34,5;5;5,6;44,41;105,29;0;0,23
31/07/2015;44;25;34,5;4;6,7;53,16;175,48;0;0,21
01/08/2015;44;24;34;4;9,3;58,9;122,84;0;0,22
02/08/2015;44;24;34;5;10,5;70,95;122,84;0;0,3
03/08/2015;44;25;34,5;5;10,5;64,26;81,89;0;0,2
04/08/2015;44;25;34,5;4;8;32,13;122,84;0;0,21
05/08/2015;44;25;34,5;4;7,3;60,24;111,14;0;0,2
06/08/2015;45;26;35,5;3;9,3;48,86;111,14;0;0,19
07/08/2015;45;25;35;5;7;38,82;81,89;0;0,22
08/08/2015;46;26;36;5;8,3;69,61;122,84;0;0,23
09/08/2015;46;25;35,5;5;8;8,7;64,34;0;0,2
10/08/2015;46;25;35,5;5;8,8;56,22;70,19;0;0,19
11/08/2015;46;24;35;5;7,6;57,56;128,69;0;0,21
12/08/2015;42;25;33,5;4;7,2;64,26;58,49;0;0,18
13/08/2015;42;26;34;5;8,5;59,57;46,8;0;0,21
14/08/2015;44;25;34,5;5;6,7;22,76;76,04;0;0,2
15/08/2015;44;26;35;4;7,9;59,57;64,34;0;0,19
16/08/2015;45;26;35,5;5;9,6;51,86;76,04;0;0,2
17/08/2015;45;26;35,5;4;7,8;19,28;122,84;0;0,18
18/08/2015;45;26;35,5;3;7,4;55,85;116,99;0;0,17
19/08/2015;44;26;35;4;8,1;31,91;105,29;0;0,2
20/08/2015;44;26;35;5;9,4;72,47;105,29;0;0,19
21/08/2015;43;26;34,5;5;7;69,15;99,44;0;0,2
22/08/2015;44;26;35;4;8,6;47,87;128,69;0;0,22
23/08/2015;44;25;34,5;5;7,7;69,15;105,29;0;0,23
24/08/2015;44;26;35;5;0,9;70,48;76,04;0;0,22
25/08/2015;44;25;34,5;5;14;46,54;111,14;0;0,21
26/08/2015;44;26;35;4;7,1;55,85;116,99;0;0,19
27/08/2015;45;26;35,5;4;7,9;64,49;146,24;0;0,19
28/08/2015;42;26;34;5;8,2;63,83;105,29;0;0,19
29/08/2015;43;25;34;5;7,2;47,87;111,14;0;0,2
30/08/2015;43;25;34;5;7,6;67,82;134,54;0;0,21
31/08/2015;43;25;34;5;6,8;67,15;134,54;0;0,21
01/09/2015;40;26;33;4;7,4;43,54;134,54;0;0,17
02/09/2015;41;26;33,5;5;7,6;23,75;99,44;0;0,2
03/09/2015;40;26;33;5;4,9;38,26;40,95;0;0,21
04/09/2015;40;26;33;5;3,8;25,73;58,49;0;0,19
05/09/2015;41;26;33,5;4;16;44,85;81,89;0;0,18
06/09/2015;42;26;34;5;4,9;73,22;122,84;0;0,17
07/09/2015;44;25;34,5;5;6,9;71,24;70,19;0;0,18
08/09/2015;42;26;34;4;6,7;49,47;122,84;0;0,2
09/09/2015;43;26;34,5;5;6,4;43,54;140,39;0;0,22
10/09/2015;45;25;35;5;8,6;37,6;193,03;0;0,2
11/09/2015;45;26;35,5;5;9,4;67,28;70,19;0;0,18
12/09/2015;44;25;34,5;4;8,3;67,94;134,54;0;0,19
13/09/2015;45;26;35,5;4;7,8;59,37;128,69;0;0,2
14/09/2015;45;25;35;5;8;59,37;122,84;0;0,21
15/09/2015;45;23;34;5;9;67,94;40,95;0;0,22
16/09/2015;45;25;35;5;11,2;70,54;70,19;0;0,2
17/09/2015;44;25;34,5;5;8,2;60,17;76,04;0;0,21
18/09/2015;44;25;34,5;4;7,2;62,93;105,29;0;0,19
19/09/2015;44;25;34,5;4;3,7;68,46;76,04;0;0,19
20/09/2015;44;25;34,5;5;8,3;70,54;105,29;0;0,16
21/09/2015;45;25;35;5;7,8;74,69;134,54;0;0,17
22/09/2015;45;24;34,5;5;17,2;78,84;52,64;0;0,16
23/09/2015;45;24;34,5;4;7,7;71,23;99,44;0;0,17
24/09/2015;45;25;35;4;9,2;66,39;105,29;0;0,16
25/09/2015;45;25;35;5;14;66,39;134,54;0;0,17
26/09/2015;45;25;35;5;1,4;58,78;93,59;0;0,19
27/09/2015;45;26;35,5;5;7,6;51,87;87,74;0;0,18
28/09/2015;46;25;35,5;5;6,3;45,64;93,59;0;0,19
29/09/2015;45;26;35,5;4;8,8;74,69;81,89;0;0,16
30/09/2015;46;25;35,5;4;9;66,39;93,59;0;0,12
01/10/2015;46;25;35,5;5;11,6;60,33;64,34;0;0,13
02/10/2015;46;25;35,5;5;8,7;37,45;64,34;0;0,16
03/10/2015;46;26;36;4;12,4;70,74;70,19;0;0,16
04/10/2015;45;26;35,5;5;8,5;62,41;105,29;0;0,18
05/10/2015;45;26;35,5;5;9,5;76,98;52,64;0;0,17
06/10/2015;47;25;36;5;8,5;73,51;70,19;0;0,15
07/10/2015;47;25;36;4;6,5;62,41;35,1;0;0,17
08/10/2015;46;25;35,5;5;6,9;55,48;122,84;0;0,16
09/10/2015;46;26;36;5;7,7;70,04;146,24;0;0,18
10/10/2015;45;26;35,5;4;8,8;66,57;93,59;0;0,17
11/10/2015;45;26;35,5;4;7,3;70,74;52,64;0;0,16
12/10/2015;45;25;35;5;9,9;63,11;40,95;0;0,19
13/10/2015;46;25;35,5;5;7,9;66,57;40,95;0;0,19
14/10/2015;46;26;36;5;10,5;75,59;76,04;0;0,18
15/10/2015;48;26;37;5;10,1;74,9;105,29;0;0,17
16/10/2015;48;26;37;5;8;73,27;76,04;0;0,18
17/10/2015;48;25;36,5;5;13,6;71,91;76,04;0;0,19
18/10/2015;47;26;36,5;5;3,6;44,1;111,14;0;0,19
19/10/2015;43;27;35;5;6,7;19,67;105,29;0;0,18
20/10/2015;46;26;36;5;7,7;67,16;181,33;0;0,17
21/10/2015;46;26;36;5;11,5;69,2;157,93;0;0,17
22/10/2015;46;26;36;5;8,6;52,92;157,93;0;0,19
23/10/2015;46;27;36,5;5;8,8;32,56;111,14;0;0,16
24/10/2015;46;27;36,5;6;8,4;32,56;111,14;0;0,16
25/10/2015;46;28;37;5;6,1;57,67;99,44;0;0,17
26/10/2015;45;28;36,5;5;5,9;46,13;70,19;0;0,15
27/10/2015;45;29;37;5;5,1;68,52;122,84;0;0,17
28/10/2015;46;30;38;3;5;27,14;111,14;0;0,17
29/10/2015;44;30;37;5;7,2;41,66;105,29;0;0,18
30/10/2015;45;32;38,5;6;5,5;57,67;140,39;0;0,16
31/10/2015;45;33;39;5;5,6;76,66;134,54;0;0,18
01/11/2015;45;33;39;5;5,2;67,11;134,54;0;0,17
02/11/2015;46;32;39;3;3,9;71,14;292,47;0;0,17
03/11/2015;45;33;39;3;7,6;60,4;210,58;0;0,18
04/11/2015;46;33;39,5;5;6,8;41,61;222,28;0;0,17
05/11/2015;47;32;39,5;4;7,6;34,23;216,43;0;0,16
06/11/2015;47;32;39,5;4;6,9;28,19;146,24;1,5;0,17
07/11/2015;47;32;39,5;4;5,9;32,89;105,29;0;0,18
08/11/2015;47;32;39,5;3;5,5;4,03;111,14;5,8;0,21
09/11/2015;47;33;40;2;6,6;20,13;163,78;0;0,29
10/11/2015;47;32;39,5;2;6,8;0;64,34;15;0,28
11/11/2015;47;32;39,5;78;5,8;13,42;193,03;57;0,2
12/11/2015;46;32;39;2;6,8;30,87;204,73;0;0,26
13/11/2015;46;33;39,5;3;6,4;26,17;193,03;0;0,18
14/11/2015;46;32;39;3;8,8;61,74;198,88;0;0,18
15/11/2015;47;32;39,5;4;8,2;55,03;175,48;0;0,19
16/11/2015;47;32;39,5;5;7,8;52,14;87,74;0;0,19
17/11/2015;47;33;40;4;8,5;56,82;146,24;0,8;0,2
18/11/2015;47;32;39,5;4;8,4;55,48;210,58;0;0,2
19/11/2015;47;33;40;5;7,6;46,79;122,84;0,5;0,18
20/11/2015;47;33;40;5;8,2;63,5;146,24;0;0,21
21/11/2015;47;32;39,5;5;5,4;48,13;175,48;1,1;0,2
22/11/2015;47;32;39,5;3;6;56,82;187,18;0;0,19
23/11/2015;47;32;39,5;4;9,2;66,18;70,19;0;0,2
24/11/2015;48;33;40,5;5;8,4;60,16;146,24;0;0,22
25/11/2015;48;33;40,5;5;6,9;8,02;81,89;15;0,21
26/11/2015;49;34;41,5;15;6,8;24,06;116,99;2,1;0,19
27/11/2015;49;35;42;0;8,4;17,91;181,33;0;0,19
28/11/2015;49;34;41,5;2;7,6;28,07;163,78;0;0,24
29/11/2015;50;34;42;4;7,9;42,11;280,77;11,7;0,28
30/11/2015;49;34;41,5;4;3,4;36,1;163,78;1,3;0,19
01/12/2015;49;35;42;2;10,9;37,23;175,48;28,1;0,18
02/12/2015;48;35;41,5;36;6,6;41,89;169,63;0;0,29
03/12/2015;48;36;42;2;7,7;15,96;93,59;1,4;0,2
04/12/2015;48;34;41;2;4,9;15,96;134,54;1;0,24
05/12/2015;45;36;40,5;2;7,5;30,59;497,2;21,2;0,21
06/12/2015;49;35;42;60;5,3;24,6;17,55;42,2;0,19
07/12/2015;49;36;42,5;10;5,5;38,56;134,54;0,9;0,21
08/12/2015;50;32;41;2;7,1;22,61;99,44;9,2;0,29
09/12/2015;50;34;42;12;6,2;72,47;35,1;0;0,75
10/12/2015;50;33;41,5;2;6,2;35,24;128,69;21,6;0,29
11/12/2015;50;33;41,5;19;4,3;0;35,1;31,9;0,19
12/12/2015;47;34;40,5;21;7,1;30,59;0;30,5;0,18
13/12/2015;49;33;41;58;8,2;21,28;0;0;0,19
14/12/2015;50;33;41,5;4;11,2;9,97;76,04;80,2;0,56
15/12/2015;50;34;42;4;9,7;48,54;116,99;29,4;0,31
16/12/2015;50;33;41,5;28;10,8;4,64;116,99;90,8;0,21
17/12/2015;50;33;41,5;57;11,5;0;0;2,2;0,31
18/12/2015;50;34;42;0;6,3;33,82;128,69;23;0,2
19/12/2015;50;33;41,5;28;22,6;23,87;0;23,7;0,22
20/12/2015;50;33;41,5;5;5,6;25,86;70,19;11,3;0,3
21/12/2015;50;33;41,5;12;5,5;23,87;64,34;4;1,33
22/12/2015;50;33;41,5;0;6,5;31,83;105,29;3,7;0,43
23/12/2015;50;33;41,5;8;11,4;39,79;0;0;0,7
24/12/2015;50;33;41,5;5;16,4;15,92;0;9,8;0,38
25/12/2015;50;33;41,5;0;11,9;30,5;0;0;0,19
26/12/2015;50;33;41,5;3;6,9;55,7;0;0,4;0,19
27/12/2015;50;33;41,5;6;11,3;72,28;0;0;0,21
28/12/2015;50;33;41,5;5;7,7;67,64;163,78;0;0,19
29/12/2015;50;33;41,5;4;8,9;68,3;456,25;0;0,18
30/12/2015;50;33;41,5;5;7,1;75,6;35,1;0;0,19
31/12/2015;50;33;41,5;5;37,2;70,29;35,1;0;0,18
